--
-- PostgreSQL database dump
--

-- Dumped from database version 16.9 (165f042)
-- Dumped by pg_dump version 16.9

SET statement_timeout = 0;
SET lock_timeout = 0;
SET idle_in_transaction_session_timeout = 0;
SET client_encoding = 'UTF8';
SET standard_conforming_strings = on;
SELECT pg_catalog.set_config('search_path', '', false);
SET check_function_bodies = false;
SET xmloption = content;
SET client_min_messages = warning;
SET row_security = off;

--
-- Data for Name: users; Type: TABLE DATA; Schema: public; Owner: neondb_owner
--

INSERT INTO public.users (id, username, email, password, first_name, last_name, role, created_at, updated_at, country) VALUES ('99a0c95a-ea27-49ff-ad57-b77738e3669d', 'investor1', 'investor@example.com', '$2b$10$x5YPa4beUpVfBzHUcRyKguXpcjAX6CRSgwDQ1cRJwxE6IRaqpST5G', 'John', 'Investor', 'investor', '2025-09-30 19:48:59.688856', '2025-09-30 19:48:59.688856', 'US');
INSERT INTO public.users (id, username, email, password, first_name, last_name, role, created_at, updated_at, country) VALUES ('407f3746-aaea-45cb-87fe-05255ca8d4fe', 'manager1', 'manager@example.com', '$2b$10$WQxdr2xcLg5hKAl8RaDoKuf31cWY.AqaoEm4sFPNBzhPn.AYglhpK', 'Jane', 'Manager', 'manager', '2025-09-30 19:48:59.863861', '2025-09-30 19:48:59.863861', 'US');
INSERT INTO public.users (id, username, email, password, first_name, last_name, role, created_at, updated_at, country) VALUES ('bc2f1474-510e-4c58-a472-868f23bf1010', 'investor2', 'investor2@example.com', '$2b$10$vYpFdoaSMiiMzjkiZ8VfZOjlfwaDek0bd2xhP2cpOOQaxNRW2lIB.', 'Investor', 'Two', 'investor', '2025-10-01 01:51:08.25056', '2025-10-01 01:51:08.25056', 'US');


--
-- Data for Name: audit_logs; Type: TABLE DATA; Schema: public; Owner: neondb_owner
--

INSERT INTO public.audit_logs (id, user_id, action, entity_type, entity_id, details, ip_address, "timestamp") VALUES ('b364845e-d7f2-46b3-9e8a-ca821355f327', '99a0c95a-ea27-49ff-ad57-b77738e3669d', 'login', 'user', '99a0c95a-ea27-49ff-ad57-b77738e3669d', '{"success": true}', '192.168.1.1', '2025-09-30 19:49:01.888318');
INSERT INTO public.audit_logs (id, user_id, action, entity_type, entity_id, details, ip_address, "timestamp") VALUES ('12d29be3-62a0-4ccc-aad9-c9d9308e42e9', '407f3746-aaea-45cb-87fe-05255ca8d4fe', 'create_trailer', 'trailer', '7ce80628-453e-4b54-a248-12874f8bbb8b', '{"trailerId": "TR004"}', '192.168.1.2', '2025-09-30 19:49:01.999106');
INSERT INTO public.audit_logs (id, user_id, action, entity_type, entity_id, details, ip_address, "timestamp") VALUES ('8e25a6af-8cc8-4b17-87d3-0ca825136150', '99a0c95a-ea27-49ff-ad57-b77738e3669d', 'login', 'user', '99a0c95a-ea27-49ff-ad57-b77738e3669d', NULL, '172.31.99.194', '2025-09-30 19:50:39.441807');
INSERT INTO public.audit_logs (id, user_id, action, entity_type, entity_id, details, ip_address, "timestamp") VALUES ('6b523bb2-30be-4ea3-8a4e-e7753f93f7c0', '99a0c95a-ea27-49ff-ad57-b77738e3669d', 'login', 'user', '99a0c95a-ea27-49ff-ad57-b77738e3669d', NULL, '172.31.99.194', '2025-09-30 19:52:10.558059');
INSERT INTO public.audit_logs (id, user_id, action, entity_type, entity_id, details, ip_address, "timestamp") VALUES ('fb265af3-7ccb-4096-b2fe-19c9b79a0abb', '407f3746-aaea-45cb-87fe-05255ca8d4fe', 'login', 'user', '407f3746-aaea-45cb-87fe-05255ca8d4fe', NULL, '172.31.99.194', '2025-09-30 20:08:23.218606');
INSERT INTO public.audit_logs (id, user_id, action, entity_type, entity_id, details, ip_address, "timestamp") VALUES ('4f14222d-f58a-43cd-b2b4-a69ef5a6bb60', '407f3746-aaea-45cb-87fe-05255ca8d4fe', 'login', 'user', '407f3746-aaea-45cb-87fe-05255ca8d4fe', NULL, '172.31.99.194', '2025-09-30 20:12:37.27895');
INSERT INTO public.audit_logs (id, user_id, action, entity_type, entity_id, details, ip_address, "timestamp") VALUES ('87cb8cf7-c6e1-4646-8516-b0bba2d9432e', '407f3746-aaea-45cb-87fe-05255ca8d4fe', 'login', 'user', '407f3746-aaea-45cb-87fe-05255ca8d4fe', NULL, '172.31.99.194', '2025-09-30 20:33:15.085553');
INSERT INTO public.audit_logs (id, user_id, action, entity_type, entity_id, details, ip_address, "timestamp") VALUES ('96e02bd9-1ed9-43c4-942a-25339b4d410d', '407f3746-aaea-45cb-87fe-05255ca8d4fe', 'login', 'user', '407f3746-aaea-45cb-87fe-05255ca8d4fe', NULL, '172.31.99.194', '2025-09-30 20:38:11.195071');
INSERT INTO public.audit_logs (id, user_id, action, entity_type, entity_id, details, ip_address, "timestamp") VALUES ('e81eb675-eabe-402d-a02b-766850c5a634', '407f3746-aaea-45cb-87fe-05255ca8d4fe', 'login', 'user', '407f3746-aaea-45cb-87fe-05255ca8d4fe', NULL, '172.31.99.194', '2025-09-30 20:45:31.187721');
INSERT INTO public.audit_logs (id, user_id, action, entity_type, entity_id, details, ip_address, "timestamp") VALUES ('d8b6a2bd-3a2b-4827-9ad9-f27afdbc8dcf', '99a0c95a-ea27-49ff-ad57-b77738e3669d', 'login', 'user', '99a0c95a-ea27-49ff-ad57-b77738e3669d', NULL, '172.31.99.194', '2025-09-30 20:45:51.873707');
INSERT INTO public.audit_logs (id, user_id, action, entity_type, entity_id, details, ip_address, "timestamp") VALUES ('ead7725e-ce25-40f8-aa00-e9e9817931a0', '99a0c95a-ea27-49ff-ad57-b77738e3669d', 'login', 'user', '99a0c95a-ea27-49ff-ad57-b77738e3669d', NULL, '172.31.99.194', '2025-09-30 21:03:02.892958');
INSERT INTO public.audit_logs (id, user_id, action, entity_type, entity_id, details, ip_address, "timestamp") VALUES ('055ae657-384b-4f0d-b75a-ae0bc8acc6ee', '407f3746-aaea-45cb-87fe-05255ca8d4fe', 'login', 'user', '407f3746-aaea-45cb-87fe-05255ca8d4fe', NULL, '172.31.99.194', '2025-09-30 21:03:38.992794');
INSERT INTO public.audit_logs (id, user_id, action, entity_type, entity_id, details, ip_address, "timestamp") VALUES ('9bb9a271-13c8-497d-8cd7-443b26f5bcf3', '407f3746-aaea-45cb-87fe-05255ca8d4fe', 'login', 'user', '407f3746-aaea-45cb-87fe-05255ca8d4fe', NULL, '172.31.124.98', '2025-09-30 22:53:46.185378');
INSERT INTO public.audit_logs (id, user_id, action, entity_type, entity_id, details, ip_address, "timestamp") VALUES ('f0b7b1c5-e416-477b-9c8f-0f6cc319f34b', '407f3746-aaea-45cb-87fe-05255ca8d4fe', 'login', 'user', '407f3746-aaea-45cb-87fe-05255ca8d4fe', NULL, '172.31.124.98', '2025-10-01 00:07:57.265156');
INSERT INTO public.audit_logs (id, user_id, action, entity_type, entity_id, details, ip_address, "timestamp") VALUES ('d3d5acf7-35ec-442f-a365-1761be15093d', '407f3746-aaea-45cb-87fe-05255ca8d4fe', 'login', 'user', '407f3746-aaea-45cb-87fe-05255ca8d4fe', NULL, '172.31.124.98', '2025-10-01 00:08:06.959912');
INSERT INTO public.audit_logs (id, user_id, action, entity_type, entity_id, details, ip_address, "timestamp") VALUES ('fa63ec33-54eb-4b2a-9ad3-95483ab2a776', '407f3746-aaea-45cb-87fe-05255ca8d4fe', 'create_trailer', 'trailer', '0967152a-4dfa-4a34-b49d-a5f10ad82b75', '{"status": "stock", "latitude": "32.7767", "location": "Dallas, TX", "longitude": "-96.7970", "trailerId": "TRuxPq", "currentValue": "55000.00", "purchaseDate": "2025-10-01", "purchaseValue": "55000.00", "depreciationRate": "0.05"}', '172.31.124.98', '2025-10-01 00:09:52.193424');
INSERT INTO public.audit_logs (id, user_id, action, entity_type, entity_id, details, ip_address, "timestamp") VALUES ('4aa3f569-df00-4dfe-af24-e91c0cce7828', '407f3746-aaea-45cb-87fe-05255ca8d4fe', 'login', 'user', '407f3746-aaea-45cb-87fe-05255ca8d4fe', NULL, '172.31.124.98', '2025-10-01 00:12:16.148997');
INSERT INTO public.audit_logs (id, user_id, action, entity_type, entity_id, details, ip_address, "timestamp") VALUES ('4b122c17-7b68-49dd-b7fb-9c84a8eecef6', '407f3746-aaea-45cb-87fe-05255ca8d4fe', 'create_trailer', 'trailer', 'e24fb2f6-e633-45b0-af30-380900051949', '{"status": "active", "latitude": "29.7604", "location": "HOUSTON, TX", "longitude": "-95.836", "trailerId": "TR412", "currentValue": "15000", "purchaseDate": "2025-10-01", "purchaseValue": "18000", "depreciationRate": "0.05"}', '172.31.124.98', '2025-10-01 00:13:22.662495');
INSERT INTO public.audit_logs (id, user_id, action, entity_type, entity_id, details, ip_address, "timestamp") VALUES ('5c0fe372-9799-4e36-8f21-a1882d9e18a2', '407f3746-aaea-45cb-87fe-05255ca8d4fe', 'login', 'user', '407f3746-aaea-45cb-87fe-05255ca8d4fe', NULL, '172.31.124.98', '2025-10-01 00:15:55.46725');
INSERT INTO public.audit_logs (id, user_id, action, entity_type, entity_id, details, ip_address, "timestamp") VALUES ('86f10ce9-5f39-44f2-8822-d5b38a50939e', '407f3746-aaea-45cb-87fe-05255ca8d4fe', 'login', 'user', '407f3746-aaea-45cb-87fe-05255ca8d4fe', NULL, '172.31.124.98', '2025-10-01 00:21:50.672338');
INSERT INTO public.audit_logs (id, user_id, action, entity_type, entity_id, details, ip_address, "timestamp") VALUES ('194080f1-48c4-41a6-80f8-dfe2024d233e', '407f3746-aaea-45cb-87fe-05255ca8d4fe', 'login', 'user', '407f3746-aaea-45cb-87fe-05255ca8d4fe', NULL, '172.31.124.98', '2025-10-01 00:25:03.795282');
INSERT INTO public.audit_logs (id, user_id, action, entity_type, entity_id, details, ip_address, "timestamp") VALUES ('0432b2ea-b5a3-49a6-8e0e-e155fd89c27d', '407f3746-aaea-45cb-87fe-05255ca8d4fe', 'login', 'user', '407f3746-aaea-45cb-87fe-05255ca8d4fe', NULL, '172.31.124.98', '2025-10-01 00:57:57.686688');
INSERT INTO public.audit_logs (id, user_id, action, entity_type, entity_id, details, ip_address, "timestamp") VALUES ('c65493ba-9603-4a45-b3dd-5bd3c6c3113e', '99a0c95a-ea27-49ff-ad57-b77738e3669d', 'login', 'user', '99a0c95a-ea27-49ff-ad57-b77738e3669d', NULL, '172.31.124.98', '2025-10-01 01:11:26.37397');
INSERT INTO public.audit_logs (id, user_id, action, entity_type, entity_id, details, ip_address, "timestamp") VALUES ('fa0cc4a2-499b-48e6-bd89-fc94f4775b75', '407f3746-aaea-45cb-87fe-05255ca8d4fe', 'login', 'user', '407f3746-aaea-45cb-87fe-05255ca8d4fe', NULL, '172.31.124.98', '2025-10-01 01:12:30.194329');
INSERT INTO public.audit_logs (id, user_id, action, entity_type, entity_id, details, ip_address, "timestamp") VALUES ('9fa46cd0-85e8-4703-91bc-f8b0aa049eb3', '99a0c95a-ea27-49ff-ad57-b77738e3669d', 'login', 'user', '99a0c95a-ea27-49ff-ad57-b77738e3669d', '{"role": "investor", "email": "investor@example.com"}', '172.31.124.98', '2025-10-01 01:48:44.87567');
INSERT INTO public.audit_logs (id, user_id, action, entity_type, entity_id, details, ip_address, "timestamp") VALUES ('420abbfa-c62d-498a-9620-35c4be17e165', '99a0c95a-ea27-49ff-ad57-b77738e3669d', 'forbidden_access', 'route', '/api/trailers', '{"path": "/api/trailers", "method": "GET", "current": "investor", "required": ["manager", "admin"]}', '172.31.124.98', '2025-10-01 01:49:09.393954');
INSERT INTO public.audit_logs (id, user_id, action, entity_type, entity_id, details, ip_address, "timestamp") VALUES ('38be2057-526d-45c0-9af3-b8b871f91c93', '99a0c95a-ea27-49ff-ad57-b77738e3669d', 'forbidden_access', 'route', '/api/tracking', '{"path": "/api/tracking", "method": "GET", "current": "investor", "required": ["manager", "admin"]}', '172.31.124.98', '2025-10-01 01:49:22.88472');
INSERT INTO public.audit_logs (id, user_id, action, entity_type, entity_id, details, ip_address, "timestamp") VALUES ('88143b2f-2802-42bc-bdcf-9e9d93837e5d', '99a0c95a-ea27-49ff-ad57-b77738e3669d', 'forbidden_access', 'route', '/api/financial/records', '{"path": "/api/financial/records", "method": "GET", "current": "investor", "required": ["manager", "admin"]}', '172.31.124.98', '2025-10-01 01:49:33.674804');
INSERT INTO public.audit_logs (id, user_id, action, entity_type, entity_id, details, ip_address, "timestamp") VALUES ('259dfb9c-9fb1-4e9b-8b97-e4113a6ea3ef', '99a0c95a-ea27-49ff-ad57-b77738e3669d', 'forbidden_access', 'route', '/api/audit-logs', '{"path": "/api/audit-logs", "method": "GET", "current": "investor", "required": ["manager", "admin"]}', '172.31.124.98', '2025-10-01 01:49:44.81926');
INSERT INTO public.audit_logs (id, user_id, action, entity_type, entity_id, details, ip_address, "timestamp") VALUES ('be93beef-9f7b-4ad8-b5a2-66b556cee8b5', 'bc2f1474-510e-4c58-a472-868f23bf1010', 'login', 'user', 'bc2f1474-510e-4c58-a472-868f23bf1010', '{"role": "investor", "email": "investor2@example.com"}', '172.31.124.98', '2025-10-01 01:51:46.84967');
INSERT INTO public.audit_logs (id, user_id, action, entity_type, entity_id, details, ip_address, "timestamp") VALUES ('bc520da6-9087-450e-8870-cc7fb087755e', 'bc2f1474-510e-4c58-a472-868f23bf1010', 'ownership_violation', 'share', 'd63f632b-f169-45b8-bffe-ecbfa74b6bf9', '{"path": "/api/shares/d63f632b-f169-45b8-bffe-ecbfa74b6bf9", "method": "GET", "actualOwner": "99a0c95a-ea27-49ff-ad57-b77738e3669d", "attemptedAccess": "d63f632b-f169-45b8-bffe-ecbfa74b6bf9"}', '172.31.124.98', '2025-10-01 01:52:02.697757');
INSERT INTO public.audit_logs (id, user_id, action, entity_type, entity_id, details, ip_address, "timestamp") VALUES ('2cb78888-8350-488b-853b-7f7cb796fe4d', 'bc2f1474-510e-4c58-a472-868f23bf1010', 'login', 'user', 'bc2f1474-510e-4c58-a472-868f23bf1010', '{"role": "investor", "email": "investor2@example.com"}', '172.31.124.98', '2025-10-01 01:54:20.074596');
INSERT INTO public.audit_logs (id, user_id, action, entity_type, entity_id, details, ip_address, "timestamp") VALUES ('577288fa-eb99-4a3c-b00f-f3f0aa2a7e65', 'bc2f1474-510e-4c58-a472-868f23bf1010', 'ownership_violation', 'share', 'd63f632b-f169-45b8-bffe-ecbfa74b6bf9', '{"path": "/api/shares/d63f632b-f169-45b8-bffe-ecbfa74b6bf9", "method": "GET", "actualOwner": "99a0c95a-ea27-49ff-ad57-b77738e3669d", "attemptedAccess": "d63f632b-f169-45b8-bffe-ecbfa74b6bf9"}', '172.31.124.98', '2025-10-01 01:54:40.904675');
INSERT INTO public.audit_logs (id, user_id, action, entity_type, entity_id, details, ip_address, "timestamp") VALUES ('350b188d-8fc1-4e8b-ac0d-557cd1919e3e', 'bc2f1474-510e-4c58-a472-868f23bf1010', 'ownership_violation', 'payment', 'd63f632b-f169-45b8-bffe-ecbfa74b6bf9', '{"path": "/api/payments/d63f632b-f169-45b8-bffe-ecbfa74b6bf9", "method": "GET", "actualOwner": "99a0c95a-ea27-49ff-ad57-b77738e3669d", "attemptedAccess": "d63f632b-f169-45b8-bffe-ecbfa74b6bf9"}', '172.31.124.98', '2025-10-01 01:54:55.443613');
INSERT INTO public.audit_logs (id, user_id, action, entity_type, entity_id, details, ip_address, "timestamp") VALUES ('abfe3ac2-7d42-4aa0-8c80-3525849b9ea4', '407f3746-aaea-45cb-87fe-05255ca8d4fe', 'login', 'user', '407f3746-aaea-45cb-87fe-05255ca8d4fe', '{"role": "manager", "email": "manager@example.com"}', '172.31.102.194', '2025-10-01 03:04:05.461091');
INSERT INTO public.audit_logs (id, user_id, action, entity_type, entity_id, details, ip_address, "timestamp") VALUES ('b9aaea01-eb5c-49ea-a115-adf23793d633', '407f3746-aaea-45cb-87fe-05255ca8d4fe', 'create_trailer', 'trailer', 'b4a71886-7f80-4cd6-a850-7a99297abb52', '{"status": "maintenance", "latitude": "29.764", "location": "HOUSTON, TX", "longitude": "95.3639", "trailerId": "TR0004", "currentValue": "15000", "purchaseDate": "2025-10-01", "purchaseValue": "18000", "depreciationRate": "0.05"}', '172.31.102.194', '2025-10-01 03:05:09.057008');
INSERT INTO public.audit_logs (id, user_id, action, entity_type, entity_id, details, ip_address, "timestamp") VALUES ('9e12dcff-ae71-438f-809e-2be32e09a5e6', '99a0c95a-ea27-49ff-ad57-b77738e3669d', 'login', 'user', '99a0c95a-ea27-49ff-ad57-b77738e3669d', '{"role": "investor", "email": "investor@example.com"}', '172.31.72.34', '2025-10-01 10:04:22.211629');
INSERT INTO public.audit_logs (id, user_id, action, entity_type, entity_id, details, ip_address, "timestamp") VALUES ('c37d398f-883e-4941-be9f-498937ca9041', '99a0c95a-ea27-49ff-ad57-b77738e3669d', 'login', 'user', '99a0c95a-ea27-49ff-ad57-b77738e3669d', '{"role": "investor", "email": "investor@example.com"}', '172.31.72.34', '2025-10-01 10:09:26.980026');
INSERT INTO public.audit_logs (id, user_id, action, entity_type, entity_id, details, ip_address, "timestamp") VALUES ('eb1bca52-d47a-4c12-bd77-c87a1ac9c109', '99a0c95a-ea27-49ff-ad57-b77738e3669d', 'login', 'user', '99a0c95a-ea27-49ff-ad57-b77738e3669d', '{"role": "investor", "email": "investor@example.com"}', '172.31.72.34', '2025-10-01 10:26:21.12086');
INSERT INTO public.audit_logs (id, user_id, action, entity_type, entity_id, details, ip_address, "timestamp") VALUES ('eb9c538c-0bda-47ce-af2f-12041fe7fd97', '99a0c95a-ea27-49ff-ad57-b77738e3669d', 'login', 'user', '99a0c95a-ea27-49ff-ad57-b77738e3669d', '{"role": "investor", "email": "investor@example.com"}', '172.31.116.34', '2025-10-01 11:55:23.080039');
INSERT INTO public.audit_logs (id, user_id, action, entity_type, entity_id, details, ip_address, "timestamp") VALUES ('adef107e-ee49-4eb0-b879-14687775c265', '407f3746-aaea-45cb-87fe-05255ca8d4fe', 'login', 'user', '407f3746-aaea-45cb-87fe-05255ca8d4fe', '{"role": "manager", "email": "manager@example.com"}', '172.31.116.34', '2025-10-01 11:58:22.713477');
INSERT INTO public.audit_logs (id, user_id, action, entity_type, entity_id, details, ip_address, "timestamp") VALUES ('9b544468-1331-4d72-85d7-d8afaef3a680', '407f3746-aaea-45cb-87fe-05255ca8d4fe', 'login', 'user', '407f3746-aaea-45cb-87fe-05255ca8d4fe', '{"role": "manager", "email": "manager@example.com"}', '172.31.116.34', '2025-10-01 13:00:36.69988');
INSERT INTO public.audit_logs (id, user_id, action, entity_type, entity_id, details, ip_address, "timestamp") VALUES ('c8f0304a-3a10-4e50-85ad-3ceb94d0ca30', '407f3746-aaea-45cb-87fe-05255ca8d4fe', 'login', 'user', '407f3746-aaea-45cb-87fe-05255ca8d4fe', '{"role": "manager", "email": "manager@example.com"}', '172.31.116.34', '2025-10-01 13:04:49.202732');
INSERT INTO public.audit_logs (id, user_id, action, entity_type, entity_id, details, ip_address, "timestamp") VALUES ('8f43d3c4-0c87-48f1-ad34-ac6b7ba76465', '407f3746-aaea-45cb-87fe-05255ca8d4fe', 'login', 'user', '407f3746-aaea-45cb-87fe-05255ca8d4fe', '{"role": "manager", "email": "manager@example.com"}', '172.31.116.34', '2025-10-01 13:09:58.153118');
INSERT INTO public.audit_logs (id, user_id, action, entity_type, entity_id, details, ip_address, "timestamp") VALUES ('e5c0ab15-0502-4540-9f3d-6bbebd7a21cc', '407f3746-aaea-45cb-87fe-05255ca8d4fe', 'login', 'user', '407f3746-aaea-45cb-87fe-05255ca8d4fe', '{"role": "manager", "email": "manager@example.com"}', '172.31.97.66', '2025-10-01 15:44:42.630125');
INSERT INTO public.audit_logs (id, user_id, action, entity_type, entity_id, details, ip_address, "timestamp") VALUES ('bfde73f2-e8c1-4dd4-8d85-70d049290438', '407f3746-aaea-45cb-87fe-05255ca8d4fe', 'login', 'user', '407f3746-aaea-45cb-87fe-05255ca8d4fe', '{"role": "manager", "email": "manager@example.com"}', '172.31.97.66', '2025-10-01 18:31:29.015994');
INSERT INTO public.audit_logs (id, user_id, action, entity_type, entity_id, details, ip_address, "timestamp") VALUES ('ff4510d1-3932-4142-991b-f4907cde234f', '407f3746-aaea-45cb-87fe-05255ca8d4fe', 'login', 'user', '407f3746-aaea-45cb-87fe-05255ca8d4fe', '{"role": "manager", "email": "manager@example.com"}', '172.31.97.66', '2025-10-01 19:43:41.115963');
INSERT INTO public.audit_logs (id, user_id, action, entity_type, entity_id, details, ip_address, "timestamp") VALUES ('128583bc-aa85-47e2-aa4e-ff030731ccb3', '407f3746-aaea-45cb-87fe-05255ca8d4fe', 'login', 'user', '407f3746-aaea-45cb-87fe-05255ca8d4fe', '{"role": "manager", "email": "manager@example.com"}', '172.31.83.98', '2025-10-02 11:51:57.684636');
INSERT INTO public.audit_logs (id, user_id, action, entity_type, entity_id, details, ip_address, "timestamp") VALUES ('3386bd2d-b72b-4771-80bc-965b0bcd3a75', '99a0c95a-ea27-49ff-ad57-b77738e3669d', 'login', 'user', '99a0c95a-ea27-49ff-ad57-b77738e3669d', '{"role": "investor", "email": "investor@example.com"}', '172.31.83.98', '2025-10-02 11:55:15.649993');
INSERT INTO public.audit_logs (id, user_id, action, entity_type, entity_id, details, ip_address, "timestamp") VALUES ('0e5e0592-de02-44d9-981c-dcde4dc74ea5', '99a0c95a-ea27-49ff-ad57-b77738e3669d', 'login', 'user', '99a0c95a-ea27-49ff-ad57-b77738e3669d', '{"role": "investor", "email": "investor@example.com"}', '172.31.83.98', '2025-10-02 11:57:18.838856');
INSERT INTO public.audit_logs (id, user_id, action, entity_type, entity_id, details, ip_address, "timestamp") VALUES ('c97b8540-4105-4c29-b9f8-6d6e3fa3a166', '99a0c95a-ea27-49ff-ad57-b77738e3669d', 'login', 'user', '99a0c95a-ea27-49ff-ad57-b77738e3669d', '{"role": "investor", "email": "investor@example.com"}', '172.31.101.162', '2025-10-02 12:29:30.135513');
INSERT INTO public.audit_logs (id, user_id, action, entity_type, entity_id, details, ip_address, "timestamp") VALUES ('85e80358-269e-43ad-908a-7b803ee05ef1', '99a0c95a-ea27-49ff-ad57-b77738e3669d', 'login', 'user', '99a0c95a-ea27-49ff-ad57-b77738e3669d', '{"role": "investor", "email": "investor@example.com"}', '172.31.101.162', '2025-10-02 12:41:23.044807');
INSERT INTO public.audit_logs (id, user_id, action, entity_type, entity_id, details, ip_address, "timestamp") VALUES ('d163d23b-661a-47dd-bbdf-5586fade3553', '99a0c95a-ea27-49ff-ad57-b77738e3669d', 'login', 'user', '99a0c95a-ea27-49ff-ad57-b77738e3669d', '{"role": "investor", "email": "investor@example.com"}', '172.31.101.162', '2025-10-02 12:44:16.556163');
INSERT INTO public.audit_logs (id, user_id, action, entity_type, entity_id, details, ip_address, "timestamp") VALUES ('0b3463b2-bb16-47f7-9b48-c148a3dacc63', '99a0c95a-ea27-49ff-ad57-b77738e3669d', 'login', 'user', '99a0c95a-ea27-49ff-ad57-b77738e3669d', '{"role": "investor", "email": "investor@example.com"}', '172.31.101.162', '2025-10-02 12:46:25.471476');
INSERT INTO public.audit_logs (id, user_id, action, entity_type, entity_id, details, ip_address, "timestamp") VALUES ('e37ac265-b24c-47c9-8003-5f33df79e9fc', '99a0c95a-ea27-49ff-ad57-b77738e3669d', 'login', 'user', '99a0c95a-ea27-49ff-ad57-b77738e3669d', '{"role": "investor", "email": "investor@example.com"}', '172.31.101.162', '2025-10-02 13:24:43.398911');
INSERT INTO public.audit_logs (id, user_id, action, entity_type, entity_id, details, ip_address, "timestamp") VALUES ('dba42302-f185-471c-8323-41159b83dab0', '99a0c95a-ea27-49ff-ad57-b77738e3669d', 'login', 'user', '99a0c95a-ea27-49ff-ad57-b77738e3669d', '{"role": "investor", "email": "investor@example.com"}', '172.31.101.162', '2025-10-02 13:36:47.281751');
INSERT INTO public.audit_logs (id, user_id, action, entity_type, entity_id, details, ip_address, "timestamp") VALUES ('e97ef8fd-2528-4fc3-bd12-2368eb3a40a0', '99a0c95a-ea27-49ff-ad57-b77738e3669d', 'login', 'user', '99a0c95a-ea27-49ff-ad57-b77738e3669d', '{"role": "investor", "email": "investor@example.com"}', '172.31.101.162', '2025-10-02 13:37:40.65899');
INSERT INTO public.audit_logs (id, user_id, action, entity_type, entity_id, details, ip_address, "timestamp") VALUES ('517ebb22-add3-4cf0-bca9-f13adcc50cd9', '99a0c95a-ea27-49ff-ad57-b77738e3669d', 'login', 'user', '99a0c95a-ea27-49ff-ad57-b77738e3669d', '{"role": "investor", "email": "investor@example.com"}', '172.31.101.162', '2025-10-02 13:40:02.909979');
INSERT INTO public.audit_logs (id, user_id, action, entity_type, entity_id, details, ip_address, "timestamp") VALUES ('300d4f33-09f2-4951-9f15-e9d3a7fe9ee6', '99a0c95a-ea27-49ff-ad57-b77738e3669d', 'login', 'user', '99a0c95a-ea27-49ff-ad57-b77738e3669d', '{"role": "investor", "email": "investor@example.com"}', '172.31.101.162', '2025-10-02 13:42:20.373758');
INSERT INTO public.audit_logs (id, user_id, action, entity_type, entity_id, details, ip_address, "timestamp") VALUES ('ecf28628-d5a2-473b-ac12-2fd65da1620b', '99a0c95a-ea27-49ff-ad57-b77738e3669d', 'login', 'user', '99a0c95a-ea27-49ff-ad57-b77738e3669d', '{"role": "investor", "email": "investor@example.com"}', '172.31.101.162', '2025-10-02 13:46:24.131801');
INSERT INTO public.audit_logs (id, user_id, action, entity_type, entity_id, details, ip_address, "timestamp") VALUES ('c04bffc9-1bdf-4809-9fdf-3cbb3f1fca8e', '99a0c95a-ea27-49ff-ad57-b77738e3669d', 'login', 'user', '99a0c95a-ea27-49ff-ad57-b77738e3669d', '{"role": "investor", "email": "investor@example.com"}', '172.31.101.162', '2025-10-02 13:49:50.016365');
INSERT INTO public.audit_logs (id, user_id, action, entity_type, entity_id, details, ip_address, "timestamp") VALUES ('e2ec97a9-9d06-4067-8588-2d18dd723ad5', '99a0c95a-ea27-49ff-ad57-b77738e3669d', 'login', 'user', '99a0c95a-ea27-49ff-ad57-b77738e3669d', '{"role": "investor", "email": "investor@example.com"}', '172.31.101.162', '2025-10-02 13:51:22.570633');
INSERT INTO public.audit_logs (id, user_id, action, entity_type, entity_id, details, ip_address, "timestamp") VALUES ('ba44f01a-cefa-4670-9a86-5136444e5875', '99a0c95a-ea27-49ff-ad57-b77738e3669d', 'forbidden_access', 'route', '/api/financial/records', '{"path": "/api/financial/records", "method": "GET", "current": "investor", "required": ["manager", "admin"]}', '172.31.101.162', '2025-10-02 13:53:06.665261');
INSERT INTO public.audit_logs (id, user_id, action, entity_type, entity_id, details, ip_address, "timestamp") VALUES ('0eb241a1-6fa6-4711-ac83-5d5d71d4a988', '99a0c95a-ea27-49ff-ad57-b77738e3669d', 'login', 'user', '99a0c95a-ea27-49ff-ad57-b77738e3669d', '{"role": "investor", "email": "investor@example.com"}', '172.31.101.162', '2025-10-02 13:54:38.664599');
INSERT INTO public.audit_logs (id, user_id, action, entity_type, entity_id, details, ip_address, "timestamp") VALUES ('8e2f59e8-7f58-484b-9ab9-7ebc446b71eb', '99a0c95a-ea27-49ff-ad57-b77738e3669d', 'login', 'user', '99a0c95a-ea27-49ff-ad57-b77738e3669d', '{"role": "investor", "email": "investor@example.com"}', '172.31.101.162', '2025-10-02 13:56:29.59974');
INSERT INTO public.audit_logs (id, user_id, action, entity_type, entity_id, details, ip_address, "timestamp") VALUES ('887246b9-5cd7-4b04-81a0-6df945cb15c3', '99a0c95a-ea27-49ff-ad57-b77738e3669d', 'login', 'user', '99a0c95a-ea27-49ff-ad57-b77738e3669d', '{"role": "investor", "email": "investor@example.com"}', '172.31.101.162', '2025-10-02 13:59:08.493517');
INSERT INTO public.audit_logs (id, user_id, action, entity_type, entity_id, details, ip_address, "timestamp") VALUES ('76cb558c-3ff0-4229-a835-517f40ca0e42', '407f3746-aaea-45cb-87fe-05255ca8d4fe', 'login', 'user', '407f3746-aaea-45cb-87fe-05255ca8d4fe', '{"role": "manager", "email": "manager@example.com"}', '172.31.101.162', '2025-10-02 14:08:36.446137');
INSERT INTO public.audit_logs (id, user_id, action, entity_type, entity_id, details, ip_address, "timestamp") VALUES ('7a567032-a155-47cd-a53a-3fbe2e93fef6', '407f3746-aaea-45cb-87fe-05255ca8d4fe', 'login', 'user', '407f3746-aaea-45cb-87fe-05255ca8d4fe', '{"role": "manager", "email": "manager@example.com"}', '172.31.101.162', '2025-10-02 14:36:36.932997');
INSERT INTO public.audit_logs (id, user_id, action, entity_type, entity_id, details, ip_address, "timestamp") VALUES ('0ab68a13-d8a3-4ee1-abe8-f42bb2f56ec1', '407f3746-aaea-45cb-87fe-05255ca8d4fe', 'login', 'user', '407f3746-aaea-45cb-87fe-05255ca8d4fe', '{"role": "manager", "email": "manager@example.com"}', '172.31.124.66', '2025-10-02 16:07:35.104478');
INSERT INTO public.audit_logs (id, user_id, action, entity_type, entity_id, details, ip_address, "timestamp") VALUES ('3c8c7de6-34fc-4b03-ae77-63fbb93edf1d', '407f3746-aaea-45cb-87fe-05255ca8d4fe', 'login', 'user', '407f3746-aaea-45cb-87fe-05255ca8d4fe', '{"role": "manager", "email": "manager@example.com"}', '172.31.124.66', '2025-10-02 16:27:25.405052');
INSERT INTO public.audit_logs (id, user_id, action, entity_type, entity_id, details, ip_address, "timestamp") VALUES ('903b23fe-fee1-4b5d-81f9-713c35048dcb', '99a0c95a-ea27-49ff-ad57-b77738e3669d', 'login', 'user', '99a0c95a-ea27-49ff-ad57-b77738e3669d', '{"role": "investor", "email": "investor@example.com"}', '172.31.124.66', '2025-10-02 16:28:24.693235');
INSERT INTO public.audit_logs (id, user_id, action, entity_type, entity_id, details, ip_address, "timestamp") VALUES ('8553ed1f-c652-4a6d-a887-148901b0b66b', '99a0c95a-ea27-49ff-ad57-b77738e3669d', 'login', 'user', '99a0c95a-ea27-49ff-ad57-b77738e3669d', '{"role": "investor", "email": "investor@example.com"}', '172.31.124.66', '2025-10-02 16:31:29.229449');
INSERT INTO public.audit_logs (id, user_id, action, entity_type, entity_id, details, ip_address, "timestamp") VALUES ('8fe2c2c9-c40d-481e-920e-6f3128d953e8', '407f3746-aaea-45cb-87fe-05255ca8d4fe', 'login', 'user', '407f3746-aaea-45cb-87fe-05255ca8d4fe', '{"role": "manager", "email": "manager@example.com"}', '172.31.124.66', '2025-10-02 18:39:48.508546');
INSERT INTO public.audit_logs (id, user_id, action, entity_type, entity_id, details, ip_address, "timestamp") VALUES ('2cc99804-c0db-4296-93d9-b875232aec78', '407f3746-aaea-45cb-87fe-05255ca8d4fe', 'login', 'user', '407f3746-aaea-45cb-87fe-05255ca8d4fe', '{"role": "manager", "email": "manager@example.com"}', '172.31.124.66', '2025-10-02 20:04:45.140656');
INSERT INTO public.audit_logs (id, user_id, action, entity_type, entity_id, details, ip_address, "timestamp") VALUES ('583e67d2-9499-463b-bf0f-fe88e01b7c4b', '407f3746-aaea-45cb-87fe-05255ca8d4fe', 'login', 'user', '407f3746-aaea-45cb-87fe-05255ca8d4fe', '{"role": "manager", "email": "manager@example.com"}', '172.31.64.98', '2025-10-03 12:34:21.676667');
INSERT INTO public.audit_logs (id, user_id, action, entity_type, entity_id, details, ip_address, "timestamp") VALUES ('4aa23e31-1ece-4522-a9ad-740e91305b35', '407f3746-aaea-45cb-87fe-05255ca8d4fe', 'login', 'user', '407f3746-aaea-45cb-87fe-05255ca8d4fe', '{"role": "manager", "email": "manager@example.com"}', '172.31.64.98', '2025-10-03 12:39:13.031554');
INSERT INTO public.audit_logs (id, user_id, action, entity_type, entity_id, details, ip_address, "timestamp") VALUES ('9a317621-d59a-4d70-862b-e91164c0428f', '407f3746-aaea-45cb-87fe-05255ca8d4fe', 'login', 'user', '407f3746-aaea-45cb-87fe-05255ca8d4fe', '{"role": "manager", "email": "manager@example.com"}', '172.31.64.98', '2025-10-03 12:42:37.806116');
INSERT INTO public.audit_logs (id, user_id, action, entity_type, entity_id, details, ip_address, "timestamp") VALUES ('7e3b5eb8-cc95-4d32-a704-15f25639978a', '407f3746-aaea-45cb-87fe-05255ca8d4fe', 'login', 'user', '407f3746-aaea-45cb-87fe-05255ca8d4fe', '{"role": "manager", "email": "manager@example.com"}', '172.31.64.98', '2025-10-03 13:06:39.22216');
INSERT INTO public.audit_logs (id, user_id, action, entity_type, entity_id, details, ip_address, "timestamp") VALUES ('27e0f1fb-d407-440f-9f41-5850cc38cdc0', '99a0c95a-ea27-49ff-ad57-b77738e3669d', 'login', 'user', '99a0c95a-ea27-49ff-ad57-b77738e3669d', '{"role": "investor", "email": "investor@example.com"}', '172.31.64.98', '2025-10-03 13:08:26.33073');
INSERT INTO public.audit_logs (id, user_id, action, entity_type, entity_id, details, ip_address, "timestamp") VALUES ('f551de2e-9c16-44fd-a3dc-97659b217c5e', '99a0c95a-ea27-49ff-ad57-b77738e3669d', 'forbidden_access', 'route', '/api/trailers', '{"path": "/api/trailers", "method": "GET", "current": "investor", "required": ["manager", "admin"]}', '172.31.64.98', '2025-10-03 13:09:22.075791');
INSERT INTO public.audit_logs (id, user_id, action, entity_type, entity_id, details, ip_address, "timestamp") VALUES ('7c1e71f4-8610-4843-a20f-a035b6eb1351', '99a0c95a-ea27-49ff-ad57-b77738e3669d', 'forbidden_access', 'route', '/api/trailers', '{"path": "/api/trailers", "method": "GET", "current": "investor", "required": ["manager", "admin"]}', '172.31.64.98', '2025-10-03 13:09:34.982695');
INSERT INTO public.audit_logs (id, user_id, action, entity_type, entity_id, details, ip_address, "timestamp") VALUES ('ee365b99-32b3-4a1b-9843-e5a05df6cd1a', '99a0c95a-ea27-49ff-ad57-b77738e3669d', 'forbidden_access', 'route', '/api/tracking', '{"path": "/api/tracking", "method": "GET", "current": "investor", "required": ["manager", "admin"]}', '172.31.64.98', '2025-10-03 13:09:35.363773');
INSERT INTO public.audit_logs (id, user_id, action, entity_type, entity_id, details, ip_address, "timestamp") VALUES ('3e778bbf-fb12-4d4e-bc92-9d67cf44a8a9', '99a0c95a-ea27-49ff-ad57-b77738e3669d', 'login', 'user', '99a0c95a-ea27-49ff-ad57-b77738e3669d', '{"role": "investor", "email": "investor@example.com"}', '172.31.64.98', '2025-10-03 13:18:21.10606');
INSERT INTO public.audit_logs (id, user_id, action, entity_type, entity_id, details, ip_address, "timestamp") VALUES ('ca095d66-b21f-40af-a2d2-4c3fac5ce34b', '407f3746-aaea-45cb-87fe-05255ca8d4fe', 'login', 'user', '407f3746-aaea-45cb-87fe-05255ca8d4fe', '{"role": "manager", "email": "manager@example.com"}', '172.31.64.98', '2025-10-03 13:23:21.582237');
INSERT INTO public.audit_logs (id, user_id, action, entity_type, entity_id, details, ip_address, "timestamp") VALUES ('320e6338-bee8-47c7-b166-0dfada60856a', '99a0c95a-ea27-49ff-ad57-b77738e3669d', 'login', 'user', '99a0c95a-ea27-49ff-ad57-b77738e3669d', '{"role": "investor", "email": "investor@example.com"}', '172.31.64.98', '2025-10-03 13:33:26.440393');
INSERT INTO public.audit_logs (id, user_id, action, entity_type, entity_id, details, ip_address, "timestamp") VALUES ('2597e56e-4e16-4a80-aed9-c560a2d4da39', '99a0c95a-ea27-49ff-ad57-b77738e3669d', 'login', 'user', '99a0c95a-ea27-49ff-ad57-b77738e3669d', '{"role": "investor", "email": "investor@example.com"}', '172.31.64.98', '2025-10-03 13:50:49.107724');
INSERT INTO public.audit_logs (id, user_id, action, entity_type, entity_id, details, ip_address, "timestamp") VALUES ('70741559-e906-4937-8b50-f7ed3cb5d072', '99a0c95a-ea27-49ff-ad57-b77738e3669d', 'login', 'user', '99a0c95a-ea27-49ff-ad57-b77738e3669d', '{"role": "investor", "email": "investor@example.com"}', '172.31.64.98', '2025-10-03 13:58:01.439265');
INSERT INTO public.audit_logs (id, user_id, action, entity_type, entity_id, details, ip_address, "timestamp") VALUES ('421d34c5-80e8-4b74-a505-e3b74becf5df', '99a0c95a-ea27-49ff-ad57-b77738e3669d', 'purchase_share', 'share', 'e0cbb0f0-6180-46f9-b08c-1efc57ce297c', '{"trailerId": "0967152a-4dfa-4a34-b49d-a5f10ad82b75", "purchaseValue": "55000.00"}', '172.31.64.98', '2025-10-03 13:58:10.329132');
INSERT INTO public.audit_logs (id, user_id, action, entity_type, entity_id, details, ip_address, "timestamp") VALUES ('f565577d-e7a9-4aaf-8b40-0fbe86d732a5', '407f3746-aaea-45cb-87fe-05255ca8d4fe', 'login', 'user', '407f3746-aaea-45cb-87fe-05255ca8d4fe', '{"role": "manager", "email": "manager@example.com"}', '172.31.64.98', '2025-10-03 13:59:06.075575');
INSERT INTO public.audit_logs (id, user_id, action, entity_type, entity_id, details, ip_address, "timestamp") VALUES ('3d0d4220-177e-4d65-a8eb-936789dc4a57', '99a0c95a-ea27-49ff-ad57-b77738e3669d', 'login', 'user', '99a0c95a-ea27-49ff-ad57-b77738e3669d', '{"role": "investor", "email": "investor@example.com"}', '172.31.64.98', '2025-10-03 13:59:42.380787');
INSERT INTO public.audit_logs (id, user_id, action, entity_type, entity_id, details, ip_address, "timestamp") VALUES ('dd502ce5-3209-4a8a-85fa-2f41575b6259', '407f3746-aaea-45cb-87fe-05255ca8d4fe', 'login', 'user', '407f3746-aaea-45cb-87fe-05255ca8d4fe', '{"role": "manager", "email": "manager@example.com"}', '172.31.64.98', '2025-10-03 14:03:25.988309');
INSERT INTO public.audit_logs (id, user_id, action, entity_type, entity_id, details, ip_address, "timestamp") VALUES ('a25b042f-af1e-4a52-9952-3c4770fb1260', '407f3746-aaea-45cb-87fe-05255ca8d4fe', 'create_trailer', 'trailer', '3959f0e7-38a9-417c-a42c-fec18b211aa6', '{"status": "active", "latitude": "29.7604", "location": "", "longitude": "-95.3698", "trailerId": "TR001teste", "totalShares": 5, "currentValue": "35000", "purchaseDate": "2025-10-03", "purchaseValue": "40000", "depreciationRate": "0.05"}', '172.31.64.98', '2025-10-03 14:34:40.947234');
INSERT INTO public.audit_logs (id, user_id, action, entity_type, entity_id, details, ip_address, "timestamp") VALUES ('6f45b1b5-3ea3-4d7d-996f-fa150cd9416d', '407f3746-aaea-45cb-87fe-05255ca8d4fe', 'create_trailer', 'trailer', 'c094e2f3-fca1-41af-acf4-e453ba94251e', '{"status": "active", "latitude": "29.7604", "location": "Houston, TX", "longitude": "-95.3698", "trailerId": "TR002TST", "totalShares": 1, "currentValue": "35000", "purchaseDate": "2025-10-03", "purchaseValue": "40000", "depreciationRate": "0.05"}', '172.31.64.98', '2025-10-03 14:35:33.677335');
INSERT INTO public.audit_logs (id, user_id, action, entity_type, entity_id, details, ip_address, "timestamp") VALUES ('5c50a0fd-eaba-4f64-bdfb-c7eda05fe371', '407f3746-aaea-45cb-87fe-05255ca8d4fe', 'login', 'user', '407f3746-aaea-45cb-87fe-05255ca8d4fe', '{"role": "manager", "email": "manager@example.com"}', '172.31.64.98', '2025-10-03 14:44:25.568969');
INSERT INTO public.audit_logs (id, user_id, action, entity_type, entity_id, details, ip_address, "timestamp") VALUES ('86e2fed4-6e02-4194-9513-31e97fe152bf', '407f3746-aaea-45cb-87fe-05255ca8d4fe', 'login', 'user', '407f3746-aaea-45cb-87fe-05255ca8d4fe', '{"role": "manager", "email": "manager@example.com"}', '172.31.64.98', '2025-10-03 14:53:57.604187');
INSERT INTO public.audit_logs (id, user_id, action, entity_type, entity_id, details, ip_address, "timestamp") VALUES ('b356fa99-7ac3-4a1b-801a-f8704eaab830', '99a0c95a-ea27-49ff-ad57-b77738e3669d', 'login', 'user', '99a0c95a-ea27-49ff-ad57-b77738e3669d', '{"role": "investor", "email": "investor@example.com"}', '172.31.108.194', '2025-10-03 15:38:07.091024');
INSERT INTO public.audit_logs (id, user_id, action, entity_type, entity_id, details, ip_address, "timestamp") VALUES ('a39369f6-8dd6-4e6c-b31e-f571cddd57f1', '407f3746-aaea-45cb-87fe-05255ca8d4fe', 'login', 'user', '407f3746-aaea-45cb-87fe-05255ca8d4fe', '{"role": "manager", "email": "manager@example.com"}', '172.31.108.194', '2025-10-03 15:41:10.145407');
INSERT INTO public.audit_logs (id, user_id, action, entity_type, entity_id, details, ip_address, "timestamp") VALUES ('68887be9-6b8d-4e53-8899-6cdb97ca02fc', '407f3746-aaea-45cb-87fe-05255ca8d4fe', 'login', 'user', '407f3746-aaea-45cb-87fe-05255ca8d4fe', '{"role": "manager", "email": "manager@example.com"}', '172.31.108.194', '2025-10-03 15:41:50.138351');
INSERT INTO public.audit_logs (id, user_id, action, entity_type, entity_id, details, ip_address, "timestamp") VALUES ('ec3f9496-76d8-4d8e-b338-3fabca457d0c', '407f3746-aaea-45cb-87fe-05255ca8d4fe', 'login', 'user', '407f3746-aaea-45cb-87fe-05255ca8d4fe', '{"role": "manager", "email": "manager@example.com"}', '172.31.108.194', '2025-10-03 16:02:42.406794');
INSERT INTO public.audit_logs (id, user_id, action, entity_type, entity_id, details, ip_address, "timestamp") VALUES ('028cde6e-d9d8-4e85-aa3c-1a511ab272d3', '99a0c95a-ea27-49ff-ad57-b77738e3669d', 'login', 'user', '99a0c95a-ea27-49ff-ad57-b77738e3669d', '{"role": "investor", "email": "investor@example.com"}', '172.31.108.194', '2025-10-03 16:05:07.032178');
INSERT INTO public.audit_logs (id, user_id, action, entity_type, entity_id, details, ip_address, "timestamp") VALUES ('65c0936c-ad61-43ce-b384-9723690c3de5', '407f3746-aaea-45cb-87fe-05255ca8d4fe', 'login', 'user', '407f3746-aaea-45cb-87fe-05255ca8d4fe', '{"role": "manager", "email": "manager@example.com"}', '172.31.108.194', '2025-10-03 16:22:58.3619');
INSERT INTO public.audit_logs (id, user_id, action, entity_type, entity_id, details, ip_address, "timestamp") VALUES ('676ea172-8d33-4e81-bafe-c1a004b9ddf1', '407f3746-aaea-45cb-87fe-05255ca8d4fe', 'login', 'user', '407f3746-aaea-45cb-87fe-05255ca8d4fe', '{"role": "manager", "email": "manager@example.com"}', '172.31.108.194', '2025-10-03 16:36:47.234582');
INSERT INTO public.audit_logs (id, user_id, action, entity_type, entity_id, details, ip_address, "timestamp") VALUES ('79fad573-f5de-4e2f-a07e-92958b4b46e0', '407f3746-aaea-45cb-87fe-05255ca8d4fe', 'create_trailer', 'trailer', '3d34c1ec-31fa-4c62-b742-7a7d606a1072', '{"model": "Dry Van Teste", "status": "active", "location": "Houston, TX", "trailerId": "TR001TT", "totalShares": 1, "currentValue": "28000", "purchaseDate": "2025-10-03", "purchaseValue": "30000", "depreciationRate": "0.05"}', '172.31.108.194', '2025-10-03 16:39:27.162232');
INSERT INTO public.audit_logs (id, user_id, action, entity_type, entity_id, details, ip_address, "timestamp") VALUES ('bd6ee654-9a4b-49c6-8a92-078e8876aff0', '407f3746-aaea-45cb-87fe-05255ca8d4fe', 'login', 'user', '407f3746-aaea-45cb-87fe-05255ca8d4fe', '{"role": "manager", "email": "manager@example.com"}', '172.31.108.194', '2025-10-03 16:56:01.689484');
INSERT INTO public.audit_logs (id, user_id, action, entity_type, entity_id, details, ip_address, "timestamp") VALUES ('17a805ce-511f-49ea-b391-2b8cf984bc5d', '99a0c95a-ea27-49ff-ad57-b77738e3669d', 'login', 'user', '99a0c95a-ea27-49ff-ad57-b77738e3669d', '{"role": "investor", "email": "investor@example.com"}', '172.31.108.194', '2025-10-03 17:01:34.483987');
INSERT INTO public.audit_logs (id, user_id, action, entity_type, entity_id, details, ip_address, "timestamp") VALUES ('0fa90286-cee1-4ef2-8016-9130318dad07', '407f3746-aaea-45cb-87fe-05255ca8d4fe', 'login', 'user', '407f3746-aaea-45cb-87fe-05255ca8d4fe', '{"role": "manager", "email": "manager@example.com"}', '172.31.108.194', '2025-10-03 17:12:13.384466');
INSERT INTO public.audit_logs (id, user_id, action, entity_type, entity_id, details, ip_address, "timestamp") VALUES ('9b6b20a2-6cba-4ba4-a65b-b7fea9c34a19', '99a0c95a-ea27-49ff-ad57-b77738e3669d', 'login', 'user', '99a0c95a-ea27-49ff-ad57-b77738e3669d', '{"role": "investor", "email": "investor@example.com"}', '172.31.108.194', '2025-10-03 17:23:42.391531');
INSERT INTO public.audit_logs (id, user_id, action, entity_type, entity_id, details, ip_address, "timestamp") VALUES ('38704a65-31bf-484e-aac7-cca482121479', '407f3746-aaea-45cb-87fe-05255ca8d4fe', 'login', 'user', '407f3746-aaea-45cb-87fe-05255ca8d4fe', '{"role": "manager", "email": "manager@example.com"}', '172.31.108.194', '2025-10-03 17:24:14.619951');
INSERT INTO public.audit_logs (id, user_id, action, entity_type, entity_id, details, ip_address, "timestamp") VALUES ('c22d0076-43b4-4b9d-9705-7a82055983d6', '407f3746-aaea-45cb-87fe-05255ca8d4fe', 'login', 'user', '407f3746-aaea-45cb-87fe-05255ca8d4fe', '{"role": "manager", "email": "manager@example.com"}', '172.31.108.194', '2025-10-03 18:27:35.857702');
INSERT INTO public.audit_logs (id, user_id, action, entity_type, entity_id, details, ip_address, "timestamp") VALUES ('a85ea4df-dc7f-4ce9-a5ce-500af83becee', '407f3746-aaea-45cb-87fe-05255ca8d4fe', 'login', 'user', '407f3746-aaea-45cb-87fe-05255ca8d4fe', '{"role": "manager", "email": "manager@example.com"}', '172.31.108.194', '2025-10-03 18:31:38.684573');
INSERT INTO public.audit_logs (id, user_id, action, entity_type, entity_id, details, ip_address, "timestamp") VALUES ('f13ea6ae-9d42-4d71-a824-d2890597a762', '407f3746-aaea-45cb-87fe-05255ca8d4fe', 'login', 'user', '407f3746-aaea-45cb-87fe-05255ca8d4fe', '{"role": "manager", "email": "manager@example.com"}', '172.31.108.194', '2025-10-03 18:35:07.449891');
INSERT INTO public.audit_logs (id, user_id, action, entity_type, entity_id, details, ip_address, "timestamp") VALUES ('25001517-97b1-45d2-a79c-a7a6db962878', '407f3746-aaea-45cb-87fe-05255ca8d4fe', 'login', 'user', '407f3746-aaea-45cb-87fe-05255ca8d4fe', '{"role": "manager", "email": "manager@example.com"}', '172.31.108.194', '2025-10-03 19:48:39.309303');
INSERT INTO public.audit_logs (id, user_id, action, entity_type, entity_id, details, ip_address, "timestamp") VALUES ('c3c411a4-d8e7-4cdb-8304-32f10e28234b', '407f3746-aaea-45cb-87fe-05255ca8d4fe', 'login', 'user', '407f3746-aaea-45cb-87fe-05255ca8d4fe', '{"role": "manager", "email": "manager@example.com"}', '172.31.108.194', '2025-10-03 19:55:27.778822');
INSERT INTO public.audit_logs (id, user_id, action, entity_type, entity_id, details, ip_address, "timestamp") VALUES ('5ded0744-4fdd-41ec-8a9e-b43d625f1d5b', '407f3746-aaea-45cb-87fe-05255ca8d4fe', 'login', 'user', '407f3746-aaea-45cb-87fe-05255ca8d4fe', '{"role": "manager", "email": "manager@example.com"}', '172.31.108.194', '2025-10-03 19:56:00.036189');
INSERT INTO public.audit_logs (id, user_id, action, entity_type, entity_id, details, ip_address, "timestamp") VALUES ('349f5db5-f07a-4073-9fee-a9c4421811d0', '407f3746-aaea-45cb-87fe-05255ca8d4fe', 'login', 'user', '407f3746-aaea-45cb-87fe-05255ca8d4fe', '{"role": "manager", "email": "manager@example.com"}', '172.31.108.194', '2025-10-03 20:02:10.570515');
INSERT INTO public.audit_logs (id, user_id, action, entity_type, entity_id, details, ip_address, "timestamp") VALUES ('a9183453-bd14-428e-9fae-0dcacb110798', '407f3746-aaea-45cb-87fe-05255ca8d4fe', 'login', 'user', '407f3746-aaea-45cb-87fe-05255ca8d4fe', '{"role": "manager", "email": "manager@example.com"}', '172.31.108.194', '2025-10-03 20:55:41.343926');
INSERT INTO public.audit_logs (id, user_id, action, entity_type, entity_id, details, ip_address, "timestamp") VALUES ('cac4462f-641c-4a07-8db7-381249793bc5', '407f3746-aaea-45cb-87fe-05255ca8d4fe', 'login', 'user', '407f3746-aaea-45cb-87fe-05255ca8d4fe', '{"role": "manager", "email": "manager@example.com"}', '172.31.72.130', '2025-10-04 17:34:55.078784');
INSERT INTO public.audit_logs (id, user_id, action, entity_type, entity_id, details, ip_address, "timestamp") VALUES ('8da40a8f-f86d-4e31-a3b5-4bf98e94eedb', '407f3746-aaea-45cb-87fe-05255ca8d4fe', 'login', 'user', '407f3746-aaea-45cb-87fe-05255ca8d4fe', '{"role": "manager", "email": "manager@example.com"}', '172.31.109.34', '2025-10-04 20:12:47.083326');
INSERT INTO public.audit_logs (id, user_id, action, entity_type, entity_id, details, ip_address, "timestamp") VALUES ('85f2ade4-70f8-47a3-a5f1-7a17c7d0cd81', '407f3746-aaea-45cb-87fe-05255ca8d4fe', 'login', 'user', '407f3746-aaea-45cb-87fe-05255ca8d4fe', '{"role": "manager", "email": "manager@example.com"}', '172.31.73.66', '2025-10-05 18:30:53.511819');
INSERT INTO public.audit_logs (id, user_id, action, entity_type, entity_id, details, ip_address, "timestamp") VALUES ('b9d3d354-4821-4ae3-95c5-54d895945e38', '407f3746-aaea-45cb-87fe-05255ca8d4fe', 'login', 'user', '407f3746-aaea-45cb-87fe-05255ca8d4fe', '{"role": "manager", "email": "manager@example.com"}', '172.31.73.66', '2025-10-05 18:35:47.088304');
INSERT INTO public.audit_logs (id, user_id, action, entity_type, entity_id, details, ip_address, "timestamp") VALUES ('ec7c3faa-9dc6-4ee4-9572-b5297642781c', '407f3746-aaea-45cb-87fe-05255ca8d4fe', 'login', 'user', '407f3746-aaea-45cb-87fe-05255ca8d4fe', '{"role": "manager", "email": "manager@example.com"}', '172.31.73.66', '2025-10-05 18:46:14.483954');
INSERT INTO public.audit_logs (id, user_id, action, entity_type, entity_id, details, ip_address, "timestamp") VALUES ('078bc280-d86e-446c-b192-be819fadf52a', '407f3746-aaea-45cb-87fe-05255ca8d4fe', 'login', 'user', '407f3746-aaea-45cb-87fe-05255ca8d4fe', '{"role": "manager", "email": "manager@example.com"}', '172.31.123.226', '2025-10-05 21:19:45.04164');
INSERT INTO public.audit_logs (id, user_id, action, entity_type, entity_id, details, ip_address, "timestamp") VALUES ('9b2eed0c-5887-4c85-83b7-11aa7db52687', '407f3746-aaea-45cb-87fe-05255ca8d4fe', 'login', 'user', '407f3746-aaea-45cb-87fe-05255ca8d4fe', '{"role": "manager", "email": "manager@example.com"}', '172.31.123.226', '2025-10-05 21:26:09.916814');
INSERT INTO public.audit_logs (id, user_id, action, entity_type, entity_id, details, ip_address, "timestamp") VALUES ('554a4d29-5962-4fce-ae3e-754d1c25a406', '407f3746-aaea-45cb-87fe-05255ca8d4fe', 'login', 'user', '407f3746-aaea-45cb-87fe-05255ca8d4fe', '{"role": "manager", "email": "manager@example.com"}', '172.31.123.226', '2025-10-05 22:08:46.124116');
INSERT INTO public.audit_logs (id, user_id, action, entity_type, entity_id, details, ip_address, "timestamp") VALUES ('f7848528-c418-44cf-880c-600969ad6804', '407f3746-aaea-45cb-87fe-05255ca8d4fe', 'login', 'user', '407f3746-aaea-45cb-87fe-05255ca8d4fe', '{"role": "manager", "email": "manager@example.com"}', '172.31.123.226', '2025-10-05 22:09:01.626683');
INSERT INTO public.audit_logs (id, user_id, action, entity_type, entity_id, details, ip_address, "timestamp") VALUES ('3ecd310a-7834-4591-a115-0da5ad76e5bf', '407f3746-aaea-45cb-87fe-05255ca8d4fe', 'login', 'user', '407f3746-aaea-45cb-87fe-05255ca8d4fe', '{"role": "manager", "email": "manager@example.com"}', '172.31.123.226', '2025-10-05 22:30:29.82988');
INSERT INTO public.audit_logs (id, user_id, action, entity_type, entity_id, details, ip_address, "timestamp") VALUES ('a57c8727-cf71-48b3-9484-06f1c7d7fbdf', '407f3746-aaea-45cb-87fe-05255ca8d4fe', 'login', 'user', '407f3746-aaea-45cb-87fe-05255ca8d4fe', '{"role": "manager", "email": "manager@example.com"}', '172.31.104.130', '2025-10-06 12:49:14.903133');
INSERT INTO public.audit_logs (id, user_id, action, entity_type, entity_id, details, ip_address, "timestamp") VALUES ('d1c63ad2-5e43-4d0f-a0bc-880169239141', '407f3746-aaea-45cb-87fe-05255ca8d4fe', 'login', 'user', '407f3746-aaea-45cb-87fe-05255ca8d4fe', '{"role": "manager", "email": "manager@example.com"}', '172.31.104.130', '2025-10-06 14:27:34.180281');
INSERT INTO public.audit_logs (id, user_id, action, entity_type, entity_id, details, ip_address, "timestamp") VALUES ('50980a10-d960-4c2c-80e0-69c4f55afee8', '407f3746-aaea-45cb-87fe-05255ca8d4fe', 'login', 'user', '407f3746-aaea-45cb-87fe-05255ca8d4fe', '{"role": "manager", "email": "manager@example.com"}', '172.31.104.130', '2025-10-06 14:37:10.135833');
INSERT INTO public.audit_logs (id, user_id, action, entity_type, entity_id, details, ip_address, "timestamp") VALUES ('01f0ed5d-0e17-4f83-9c5f-a12adf939877', '99a0c95a-ea27-49ff-ad57-b77738e3669d', 'login', 'user', '99a0c95a-ea27-49ff-ad57-b77738e3669d', '{"role": "investor", "email": "investor@example.com"}', '172.31.104.130', '2025-10-06 14:48:26.478843');
INSERT INTO public.audit_logs (id, user_id, action, entity_type, entity_id, details, ip_address, "timestamp") VALUES ('444e5d7b-482d-489f-9bab-b027b6c8d512', '407f3746-aaea-45cb-87fe-05255ca8d4fe', 'login', 'user', '407f3746-aaea-45cb-87fe-05255ca8d4fe', '{"role": "manager", "email": "manager@example.com"}', '172.31.104.130', '2025-10-06 14:53:29.67455');
INSERT INTO public.audit_logs (id, user_id, action, entity_type, entity_id, details, ip_address, "timestamp") VALUES ('d02de59d-6dbb-4e0e-801b-2c1eeec374c6', '407f3746-aaea-45cb-87fe-05255ca8d4fe', 'login', 'user', '407f3746-aaea-45cb-87fe-05255ca8d4fe', '{"role": "manager", "email": "manager@example.com"}', '172.31.104.130', '2025-10-06 14:57:30.069499');
INSERT INTO public.audit_logs (id, user_id, action, entity_type, entity_id, details, ip_address, "timestamp") VALUES ('cf3e6231-8627-460e-9f4e-6e4a22309350', '407f3746-aaea-45cb-87fe-05255ca8d4fe', 'login', 'user', '407f3746-aaea-45cb-87fe-05255ca8d4fe', '{"role": "manager", "email": "manager@example.com"}', '172.31.104.130', '2025-10-06 15:01:18.044014');
INSERT INTO public.audit_logs (id, user_id, action, entity_type, entity_id, details, ip_address, "timestamp") VALUES ('a253e3cb-d6c0-4f16-94cf-3a3abca1688e', '407f3746-aaea-45cb-87fe-05255ca8d4fe', 'login', 'user', '407f3746-aaea-45cb-87fe-05255ca8d4fe', '{"role": "manager", "email": "manager@example.com"}', '172.31.104.130', '2025-10-06 15:17:28.812485');
INSERT INTO public.audit_logs (id, user_id, action, entity_type, entity_id, details, ip_address, "timestamp") VALUES ('2a819438-19dd-4406-b97f-1b46ed20294c', '407f3746-aaea-45cb-87fe-05255ca8d4fe', 'login', 'user', '407f3746-aaea-45cb-87fe-05255ca8d4fe', '{"role": "manager", "email": "manager@example.com"}', '172.31.104.130', '2025-10-06 15:20:35.560106');
INSERT INTO public.audit_logs (id, user_id, action, entity_type, entity_id, details, ip_address, "timestamp") VALUES ('31024adc-e462-499c-82da-fe3aaa108c90', '407f3746-aaea-45cb-87fe-05255ca8d4fe', 'login', 'user', '407f3746-aaea-45cb-87fe-05255ca8d4fe', '{"role": "manager", "email": "manager@example.com"}', '172.31.86.130', '2025-10-06 20:46:11.23875');
INSERT INTO public.audit_logs (id, user_id, action, entity_type, entity_id, details, ip_address, "timestamp") VALUES ('089294ab-6bca-4de0-a45f-50cb841b07c1', '407f3746-aaea-45cb-87fe-05255ca8d4fe', 'login', 'user', '407f3746-aaea-45cb-87fe-05255ca8d4fe', '{"role": "manager", "email": "manager@example.com"}', '172.31.99.98', '2025-10-07 11:52:37.239717');
INSERT INTO public.audit_logs (id, user_id, action, entity_type, entity_id, details, ip_address, "timestamp") VALUES ('8e9a67d0-82f2-4c5d-8319-bfe8390c57cf', '407f3746-aaea-45cb-87fe-05255ca8d4fe', 'login', 'user', '407f3746-aaea-45cb-87fe-05255ca8d4fe', '{"role": "manager", "email": "manager@example.com"}', '172.31.96.226', '2025-10-13 17:39:35.705504');
INSERT INTO public.audit_logs (id, user_id, action, entity_type, entity_id, details, ip_address, "timestamp") VALUES ('2799286c-c446-4d2f-b533-d4aeffcd542d', '407f3746-aaea-45cb-87fe-05255ca8d4fe', 'login', 'user', '407f3746-aaea-45cb-87fe-05255ca8d4fe', '{"role": "manager", "email": "manager@example.com"}', '172.31.84.130', '2025-10-15 11:35:35.800156');
INSERT INTO public.audit_logs (id, user_id, action, entity_type, entity_id, details, ip_address, "timestamp") VALUES ('b8f890e0-4128-44a6-b6a2-f26ee4c86ded', '407f3746-aaea-45cb-87fe-05255ca8d4fe', 'login', 'user', '407f3746-aaea-45cb-87fe-05255ca8d4fe', '{"role": "manager", "email": "manager@example.com"}', '172.31.87.34', '2025-10-20 17:50:11.078012');
INSERT INTO public.audit_logs (id, user_id, action, entity_type, entity_id, details, ip_address, "timestamp") VALUES ('623ddd83-2b99-41b1-9ba5-e5e15b98738e', '407f3746-aaea-45cb-87fe-05255ca8d4fe', 'login', 'user', '407f3746-aaea-45cb-87fe-05255ca8d4fe', '{"role": "manager", "email": "manager@example.com"}', '172.31.79.226', '2025-10-20 19:37:03.62508');


--
-- Data for Name: trailers; Type: TABLE DATA; Schema: public; Owner: neondb_owner
--

INSERT INTO public.trailers (id, trailer_id, purchase_value, purchase_date, status, current_value, depreciation_rate, expiration_date, location, latitude, longitude, last_activity, created_at, updated_at, total_shares, model) VALUES ('110ef85a-d99d-4645-9b3e-175de539d602', 'TR001', 50000.00, '2024-01-15', 'active', 48000.00, 0.05, '2027-01-15', 'Los Angeles, CA', 34.0522000, -118.2437000, '2025-09-30 19:48:59.915', '2025-09-30 19:48:59.969072', '2025-09-30 19:48:59.969072', 1, 'Dry Van 53ft');
INSERT INTO public.trailers (id, trailer_id, purchase_value, purchase_date, status, current_value, depreciation_rate, expiration_date, location, latitude, longitude, last_activity, created_at, updated_at, total_shares, model) VALUES ('4b603b46-65ab-4b8d-8884-f7bd496ab638', 'TR002', 55000.00, '2024-03-20', 'active', 53500.00, 0.05, '2027-03-20', 'Miami, FL', 25.7617000, -80.1918000, '2025-09-30 19:49:00.031', '2025-09-30 19:49:00.087348', '2025-09-30 19:49:00.087348', 1, 'Dry Van 53ft');
INSERT INTO public.trailers (id, trailer_id, purchase_value, purchase_date, status, current_value, depreciation_rate, expiration_date, location, latitude, longitude, last_activity, created_at, updated_at, total_shares, model) VALUES ('becf959c-919f-4e0f-ad97-64a829db2b75', 'TR003', 48000.00, '2023-06-10', 'active', 45000.00, 0.05, '2026-06-10', 'Chicago, IL', 41.8781000, -87.6298000, '2025-09-30 19:49:00.138', '2025-09-30 19:49:00.191631', '2025-09-30 19:49:00.191631', 1, 'Dry Van 53ft');
INSERT INTO public.trailers (id, trailer_id, purchase_value, purchase_date, status, current_value, depreciation_rate, expiration_date, location, latitude, longitude, last_activity, created_at, updated_at, total_shares, model) VALUES ('7ce80628-453e-4b54-a248-12874f8bbb8b', 'TR004', 52000.00, '2024-09-01', 'stock', 52000.00, 0.05, '2027-09-01', 'Warehouse - Texas', 29.7604000, -95.3698000, '2025-09-30 19:49:00.243', '2025-09-30 19:49:00.295953', '2025-09-30 19:49:00.295953', 1, 'Dry Van 53ft');
INSERT INTO public.trailers (id, trailer_id, purchase_value, purchase_date, status, current_value, depreciation_rate, expiration_date, location, latitude, longitude, last_activity, created_at, updated_at, total_shares, model) VALUES ('e24fb2f6-e633-45b0-af30-380900051949', 'TR412', 18000.00, '2025-10-01', 'active', 15000.00, 0.05, NULL, 'HOUSTON, TX', 29.7604000, -95.8360000, NULL, '2025-10-01 00:13:22.550283', '2025-10-01 00:13:22.550283', 1, 'Dry Van 53ft');
INSERT INTO public.trailers (id, trailer_id, purchase_value, purchase_date, status, current_value, depreciation_rate, expiration_date, location, latitude, longitude, last_activity, created_at, updated_at, total_shares, model) VALUES ('b4a71886-7f80-4cd6-a850-7a99297abb52', 'TR0004', 18000.00, '2025-10-01', 'maintenance', 15000.00, 0.05, NULL, 'HOUSTON, TX', 29.7640000, 95.3639000, NULL, '2025-10-01 03:05:08.947751', '2025-10-01 03:05:08.947751', 1, 'Dry Van 53ft');
INSERT INTO public.trailers (id, trailer_id, purchase_value, purchase_date, status, current_value, depreciation_rate, expiration_date, location, latitude, longitude, last_activity, created_at, updated_at, total_shares, model) VALUES ('0967152a-4dfa-4a34-b49d-a5f10ad82b75', 'TRuxPq', 55000.00, '2025-10-01', 'active', 55000.00, 0.05, NULL, 'Dallas, TX', 32.7767000, -96.7970000, NULL, '2025-10-01 00:09:52.082347', '2025-10-03 13:58:10.171', 1, 'Dry Van 53ft');
INSERT INTO public.trailers (id, trailer_id, purchase_value, purchase_date, status, current_value, depreciation_rate, expiration_date, location, latitude, longitude, last_activity, created_at, updated_at, total_shares, model) VALUES ('3959f0e7-38a9-417c-a42c-fec18b211aa6', 'TR001teste', 40000.00, '2025-10-03', 'active', 35000.00, 0.05, NULL, '', 29.7604000, -95.3698000, NULL, '2025-10-03 14:34:40.829907', '2025-10-03 14:34:40.829907', 5, 'Dry Van 53ft');
INSERT INTO public.trailers (id, trailer_id, purchase_value, purchase_date, status, current_value, depreciation_rate, expiration_date, location, latitude, longitude, last_activity, created_at, updated_at, total_shares, model) VALUES ('c094e2f3-fca1-41af-acf4-e453ba94251e', 'TR002TST', 40000.00, '2025-10-03', 'active', 35000.00, 0.05, NULL, 'Houston, TX', 29.7604000, -95.3698000, NULL, '2025-10-03 14:35:33.568778', '2025-10-03 14:35:33.568778', 1, 'Dry Van 53ft');
INSERT INTO public.trailers (id, trailer_id, purchase_value, purchase_date, status, current_value, depreciation_rate, expiration_date, location, latitude, longitude, last_activity, created_at, updated_at, total_shares, model) VALUES ('3d34c1ec-31fa-4c62-b742-7a7d606a1072', 'TR001TT', 30000.00, '2025-10-03', 'active', 28000.00, 0.05, NULL, 'Houston, TX', NULL, NULL, NULL, '2025-10-03 16:39:27.050621', '2025-10-03 16:39:27.050621', 1, 'Dry Van Teste');


--
-- Data for Name: shares; Type: TABLE DATA; Schema: public; Owner: neondb_owner
--

INSERT INTO public.shares (id, user_id, trailer_id, purchase_value, purchase_date, status, monthly_return, total_returns, created_at, updated_at) VALUES ('d63f632b-f169-45b8-bffe-ecbfa74b6bf9', '99a0c95a-ea27-49ff-ad57-b77738e3669d', '110ef85a-d99d-4645-9b3e-175de539d602', 50000.00, '2024-01-15', 'active', 2.00, 9000.00, '2025-09-30 19:49:00.400472', '2025-09-30 19:49:00.400472');
INSERT INTO public.shares (id, user_id, trailer_id, purchase_value, purchase_date, status, monthly_return, total_returns, created_at, updated_at) VALUES ('7e4d5db3-1526-4d1a-9443-015f2f1ae53c', '99a0c95a-ea27-49ff-ad57-b77738e3669d', '4b603b46-65ab-4b8d-8884-f7bd496ab638', 55000.00, '2024-03-20', 'active', 2.00, 6600.00, '2025-09-30 19:49:00.508721', '2025-09-30 19:49:00.508721');
INSERT INTO public.shares (id, user_id, trailer_id, purchase_value, purchase_date, status, monthly_return, total_returns, created_at, updated_at) VALUES ('7986bb5f-0ae3-4169-b8e5-ee2df2a70600', '99a0c95a-ea27-49ff-ad57-b77738e3669d', 'becf959c-919f-4e0f-ad97-64a829db2b75', 48000.00, '2023-06-10', 'active', 2.00, 14400.00, '2025-09-30 19:49:00.613178', '2025-09-30 19:49:00.613178');
INSERT INTO public.shares (id, user_id, trailer_id, purchase_value, purchase_date, status, monthly_return, total_returns, created_at, updated_at) VALUES ('e0cbb0f0-6180-46f9-b08c-1efc57ce297c', '99a0c95a-ea27-49ff-ad57-b77738e3669d', '0967152a-4dfa-4a34-b49d-a5f10ad82b75', 55000.00, '2025-10-03', 'active', 2.00, 0.00, '2025-10-03 13:58:10.11578', '2025-10-03 13:58:10.11578');


--
-- Data for Name: documents; Type: TABLE DATA; Schema: public; Owner: neondb_owner
--

INSERT INTO public.documents (id, user_id, share_id, document_type, file_name, file_url, status, uploaded_at) VALUES ('2f8b1367-6e54-492c-936a-c2f4aa225470', '99a0c95a-ea27-49ff-ad57-b77738e3669d', 'd63f632b-f169-45b8-bffe-ecbfa74b6bf9', 'contract', 'Contract_TR001.pdf', '/documents/contract_tr001.pdf', 'verified', '2025-09-30 19:49:01.672693');
INSERT INTO public.documents (id, user_id, share_id, document_type, file_name, file_url, status, uploaded_at) VALUES ('8a37254f-20ca-4e6c-88e9-bff01741c5b7', '99a0c95a-ea27-49ff-ad57-b77738e3669d', '7e4d5db3-1526-4d1a-9443-015f2f1ae53c', 'contract', 'Contract_TR002.pdf', '/documents/contract_tr002.pdf', 'verified', '2025-09-30 19:49:01.781889');


--
-- Data for Name: financial_records; Type: TABLE DATA; Schema: public; Owner: neondb_owner
--

INSERT INTO public.financial_records (id, month, total_revenue, investor_payouts, operational_costs, company_margin, created_at) VALUES ('480c56d5-4993-4f94-adea-301360c78dc5', '2024-09', 30600.00, 22950.00, 2000.00, 5650.00, '2025-09-30 19:49:02.102836');
INSERT INTO public.financial_records (id, month, total_revenue, investor_payouts, operational_costs, company_margin, created_at) VALUES ('74ccdd4d-4036-4ab1-a585-ac1756b58869', '2024-08', 30600.00, 22950.00, 2000.00, 5650.00, '2025-09-30 19:49:02.212699');
INSERT INTO public.financial_records (id, month, total_revenue, investor_payouts, operational_costs, company_margin, created_at) VALUES ('d37af6a4-7bc4-4065-8c08-07f9021f9fe8', '2025-10', 3060.00, 3060.00, 0.00, 0.00, '2025-10-01 13:05:15.680775');
INSERT INTO public.financial_records (id, month, total_revenue, investor_payouts, operational_costs, company_margin, created_at) VALUES ('a4b60949-219b-4ad9-b6d0-0c5d296fe1be', '2025-11', 3060.00, 3060.00, 0.00, 0.00, '2025-10-01 18:31:44.391797');


--
-- Data for Name: payments; Type: TABLE DATA; Schema: public; Owner: neondb_owner
--

INSERT INTO public.payments (id, share_id, user_id, amount, payment_date, status, reference_month, created_at) VALUES ('5521ac34-50c7-4098-955d-ce441eec53d5', 'd63f632b-f169-45b8-bffe-ecbfa74b6bf9', '99a0c95a-ea27-49ff-ad57-b77738e3669d', 1000.00, '2025-10-01', 'paid', '2025-10', '2025-10-01 13:05:15.368071');
INSERT INTO public.payments (id, share_id, user_id, amount, payment_date, status, reference_month, created_at) VALUES ('1734bc33-e6be-4fe0-a01e-ede8bba22a71', '7e4d5db3-1526-4d1a-9443-015f2f1ae53c', '99a0c95a-ea27-49ff-ad57-b77738e3669d', 1100.00, '2025-10-01', 'paid', '2025-10', '2025-10-01 13:05:15.475359');
INSERT INTO public.payments (id, share_id, user_id, amount, payment_date, status, reference_month, created_at) VALUES ('6afa836b-8d20-4624-933c-254112b5f14d', '7986bb5f-0ae3-4169-b8e5-ee2df2a70600', '99a0c95a-ea27-49ff-ad57-b77738e3669d', 960.00, '2025-10-01', 'paid', '2025-10', '2025-10-01 13:05:15.577279');
INSERT INTO public.payments (id, share_id, user_id, amount, payment_date, status, reference_month, created_at) VALUES ('367817a3-a439-4748-9630-f56e8449594d', 'd63f632b-f169-45b8-bffe-ecbfa74b6bf9', '99a0c95a-ea27-49ff-ad57-b77738e3669d', 1000.00, '2025-11-01', 'paid', '2025-11', '2025-10-01 18:31:44.072981');
INSERT INTO public.payments (id, share_id, user_id, amount, payment_date, status, reference_month, created_at) VALUES ('d1f5a9ce-c094-4469-9df8-9ef79770d501', '7e4d5db3-1526-4d1a-9443-015f2f1ae53c', '99a0c95a-ea27-49ff-ad57-b77738e3669d', 1100.00, '2025-11-01', 'paid', '2025-11', '2025-10-01 18:31:44.187424');
INSERT INTO public.payments (id, share_id, user_id, amount, payment_date, status, reference_month, created_at) VALUES ('f94839c3-f55a-4c4a-a481-b5238e6bc2c3', '7986bb5f-0ae3-4169-b8e5-ee2df2a70600', '99a0c95a-ea27-49ff-ad57-b77738e3669d', 960.00, '2025-11-01', 'paid', '2025-11', '2025-10-01 18:31:44.289042');
INSERT INTO public.payments (id, share_id, user_id, amount, payment_date, status, reference_month, created_at) VALUES ('6c457bf5-d883-4c44-8eae-93ae76d3620d', 'd63f632b-f169-45b8-bffe-ecbfa74b6bf9', '99a0c95a-ea27-49ff-ad57-b77738e3669d', 3060.00, '2025-09-30', 'paid', '2024-09', '2025-09-30 19:49:00.716841');
INSERT INTO public.payments (id, share_id, user_id, amount, payment_date, status, reference_month, created_at) VALUES ('567d6e47-3ffd-4b02-8f99-d3177fa64120', 'd63f632b-f169-45b8-bffe-ecbfa74b6bf9', '99a0c95a-ea27-49ff-ad57-b77738e3669d', 3060.00, '2025-09-30', 'paid', '2024-08', '2025-09-30 19:49:00.826279');
INSERT INTO public.payments (id, share_id, user_id, amount, payment_date, status, reference_month, created_at) VALUES ('a10d5836-40d1-424b-ab52-46c0f1fa2319', 'd63f632b-f169-45b8-bffe-ecbfa74b6bf9', '99a0c95a-ea27-49ff-ad57-b77738e3669d', 3060.00, '2025-09-30', 'paid', '2024-07', '2025-09-30 19:49:00.930695');
INSERT INTO public.payments (id, share_id, user_id, amount, payment_date, status, reference_month, created_at) VALUES ('ae4b3a14-9130-48b6-9430-440648db7926', 'd63f632b-f169-45b8-bffe-ecbfa74b6bf9', '99a0c95a-ea27-49ff-ad57-b77738e3669d', 3060.00, '2025-09-30', 'paid', '2024-06', '2025-09-30 19:49:01.034722');
INSERT INTO public.payments (id, share_id, user_id, amount, payment_date, status, reference_month, created_at) VALUES ('674bffb8-2783-408c-81ec-1d2ab085e89d', 'd63f632b-f169-45b8-bffe-ecbfa74b6bf9', '99a0c95a-ea27-49ff-ad57-b77738e3669d', 3060.00, '2025-09-30', 'paid', '2024-05', '2025-09-30 19:49:01.140298');
INSERT INTO public.payments (id, share_id, user_id, amount, payment_date, status, reference_month, created_at) VALUES ('28a773a6-452f-4dcd-9300-2f51df517a17', 'd63f632b-f169-45b8-bffe-ecbfa74b6bf9', '99a0c95a-ea27-49ff-ad57-b77738e3669d', 3060.00, '2025-09-30', 'paid', '2024-04', '2025-09-30 19:49:01.244296');


--
-- Data for Name: tracking_data; Type: TABLE DATA; Schema: public; Owner: neondb_owner
--

INSERT INTO public.tracking_data (id, trailer_id, latitude, longitude, speed, location, status, distance_today, "timestamp") VALUES ('1c50e81c-3a44-41c1-9c4a-99b01e4cedff', '110ef85a-d99d-4645-9b3e-175de539d602', 34.0522000, -118.2437000, 65.50, 'Los Angeles, CA', 'moving', 350.50, '2025-09-30 19:49:01.351125');
INSERT INTO public.tracking_data (id, trailer_id, latitude, longitude, speed, location, status, distance_today, "timestamp") VALUES ('96039135-216d-4dc8-99f2-fa96fa06c5fc', '4b603b46-65ab-4b8d-8884-f7bd496ab638', 25.7617000, -80.1918000, 0.00, 'Miami, FL', 'stopped', 0.00, '2025-09-30 19:49:01.460154');
INSERT INTO public.tracking_data (id, trailer_id, latitude, longitude, speed, location, status, distance_today, "timestamp") VALUES ('4b8fd3e3-acde-4fc9-8873-357aacc54da7', 'becf959c-919f-4e0f-ad97-64a829db2b75', 41.8781000, -87.6298000, 55.00, 'Chicago, IL', 'moving', 280.00, '2025-09-30 19:49:01.567346');


--
-- PostgreSQL database dump complete
--

